[
  {
    "Id": "684989",
    "ThreadId": "276097",
    "Html": "\r\n<p><a href=\"http://www.hanselman.com/blog/TheWeeklySourceCode59AnOpenSourceTreasureIronyNETLanguageImplementationKit.aspx\">http://www.hanselman.com/blog/TheWeeklySourceCode59AnOpenSourceTreasureIronyNETLanguageImplementationKit.aspx</a></p>\r\n",
    "PostedDate": "2011-10-16T20:10:14.74-07:00",
    "UserRole": null,
    "MarkedAsAnswerDate": null
  },
  {
    "Id": "686339",
    "ThreadId": "276097",
    "Html": "<p>Hi Roman!</p>\r\n<p>Very nice review indeed. It's now <a title=\"Irony Project Statistics\" href=\"http://irony.codeplex.com/stats\">#1 top referring site</a>, by the way :)</p>\r\n<p>I'd suggest adding a link to this introductory post to the project home page, http://irony.codeplex.com</p>\r\n<p>Regards, Alexey</p>",
    "PostedDate": "2011-10-19T06:27:22.52-07:00",
    "UserRole": null,
    "MarkedAsAnswerDate": null
  },
  {
    "Id": "686438",
    "ThreadId": "276097",
    "Html": "<p>thanks, will do!</p>",
    "PostedDate": "2011-10-19T09:10:33.58-07:00",
    "UserRole": null,
    "MarkedAsAnswerDate": null
  }
]