[
  {
    "Id": "797458",
    "ThreadId": "343222",
    "Html": "\r\n<p>how to execute a foreach block</p>\r\n",
    "PostedDate": "2012-02-23T05:07:31.817-08:00",
    "UserRole": null,
    "MarkedAsAnswerDate": null
  },
  {
    "Id": "798130",
    "ThreadId": "343222",
    "Html": "<p>no, advanced AST nodes like this are not implemented yet. Try it - that should not be difficult, just follow the pattern - look at existing nodes in the interpreter</p>",
    "PostedDate": "2012-02-23T12:08:07.41-08:00",
    "UserRole": null,
    "MarkedAsAnswerDate": null
  },
  {
    "Id": "799296",
    "ThreadId": "343222",
    "Html": "<p>please, help me</p>",
    "PostedDate": "2012-02-24T02:58:45.563-08:00",
    "UserRole": null,
    "MarkedAsAnswerDate": null
  }
]