[
  {
    "Id": "1248289",
    "ThreadId": "546201",
    "Html": "I need to add a keyword to the mandatory and optional parts\r<br />\nExample:\r<br />\n<strong>variable</strong>\r<br />\nwhere <em>var</em> - mandatory part\r<br />\n<em>iable</em> - optional part.\r<br />\nIn this example the words\r<br />\n<strong>var\r<br />\nvari\r<br />\nvaria\r<br />\nvariab\r<br />\nvariabl\r<br />\nvariable</strong>\r<br />\n are correct.\r<br />\n<br />\nCan you explain how i do this?<br />\n",
    "PostedDate": "2014-05-22T01:22:43.17-07:00",
    "UserRole": null,
    "MarkedAsAnswerDate": null
  },
  {
    "Id": "1248618",
    "ThreadId": "546201",
    "Html": "that's a really strange arrangement you have... \r<br />\ndo you use identifier? if yes, then you can use 'var' only as a keyword in grammar. The other variations are initially scanned as identifiers; hook to Identifier.ValdiateToken event, in the event handler check the identifier (token text), and if it is varia??-like, change the Token.Term to be 'var' keyword<br />\n",
    "PostedDate": "2014-05-22T14:37:06.633-07:00",
    "UserRole": null,
    "MarkedAsAnswerDate": null
  }
]