[
  {
    "Id": "672258",
    "ThreadId": "272691",
    "Html": "<p>Hi</p>\n<p>I'm just implementing a sql-like dialect and am unsure of the best/proper way to implement the above. I have had a check in the sample SQL grammar and IS NULL/IS NOT NULL doesn't appear to be implemented.</p>\n<p>I am not sure whether it is best implemented as</p>\n<ul>\n<li>a Null expression which provides the NULL or NOT NULL options </li>\n<li>an Is expression which provides the IS or IS NOT options </li>\n</ul>\n<p>or perhaps another implementation</p>\n<p>I'd be grateful of any thoughts about why one may be better than then other.</p>\n<p>Many thx</p>\n<p>S</p>",
    "PostedDate": "2011-09-15T07:27:43.953-07:00",
    "UserRole": null,
    "MarkedAsAnswerDate": null
  },
  {
    "Id": "672392",
    "ThreadId": "272691",
    "Html": "<p>It can work either way; I assume you are not parsing only, but executing it as well? Then it depends on execution semantics, which way is more logical. Do you have \"IS\" operator outside of this case? See then if you could put NULL-comparison semantics into this. For parsing, these differences should not matter much, it will result only in different naming of non-terminals but essentially the grammar structure will be the same.&nbsp;</p>",
    "PostedDate": "2011-09-15T12:19:45.69-07:00",
    "UserRole": null,
    "MarkedAsAnswerDate": null
  },
  {
    "Id": "672525",
    "ThreadId": "272691",
    "Html": "I would like to say something on this matter...\r\n<div><br>\r\n</div>\r\n<div>May be I don't undesrtand you correctly, I think you are asking for the check situation (not setting the nullable attribute of a column).</div>\r\n<div><br>\r\n</div>\r\n<div>Think about this: having &quot;IS NOT&quot; will allow you to apply it for things that aren't NULL [as in &quot;something IS NOT anotherthing&quot;], also what will mean &quot;NOT NULL&quot; in a different context? Here you have an oportunity to differentiate your language giving meaning\r\n and good use to &quot;NOT NULL&quot;... I can't think of an example, and that's the point, make a language that makes me think different... or else, why don't you use an existing one?* Otherwise just drop the &quot;like&quot; of &quot;sql-like&quot;, it is an sql dialect, stand by that\r\n and be proud of it.\r\n<div><br>\r\n</div>\r\n<div>So for the check &quot;IS NOT&quot; will be the way to go, unless you have a good use for &quot;NOT NULL&quot; in other places and you have no trouble making a negation of the comparison to other things (you only use IS for NULL, or you are ok to make NULL the special boy\r\n that doesn't require &quot;NOT (something IS NULL)&quot; or similar).</div>\r\n<div><br>\r\n</div>\r\n<div>I don't know the language you are making or how it will be used, so don't take this as the last word, just consider it. If you are making this languages because you need it, and you don't need it good, but you need it\r\n<span style=\"font-family:arial,sans-serif; font-size:13px; background-color:rgb(255,255,255)\">\r\nyesterday... then whatever you find more confortable implementing will do.</span></div>\r\n<div>\r\n<div><font face=\"arial, sans-serif\"><br>\r\n</font></div>\r\n<div><font face=\"arial, sans-serif\">*: Look what other languages do, see if you can find the specs of the standard of the languages you are basing upon, did you mention SQL? Well did a quick search and found something that you may want to give a read to:\r\n<a href=\"http://www.contrib.andrew.cmu.edu/~shadow/sql/sql1992.txt\">http://www.contrib.andrew.cmu.edu/~shadow/sql/sql1992.txt</a> [Of course, if you need this yesterday, you may want to skip the lecture]<br>\r\n</font>\r\n<div><font face=\"arial, sans-serif\"><br>\r\n</font></div>\r\n<div><font face=\"arial, sans-serif\">Have my appologise for disturbing.</font></div>\r\n<div><font face=\"arial, sans-serif\"><br>\r\n</font></div>\r\n<div>\r\n<div>\r\n<div>\r\n<div>\r\n<div>2011/9/15 woopsie <span dir=\"ltr\">&lt;<a href=\"mailto:notifications@codeplex.com\">notifications@codeplex.com</a>&gt;</span><br>\r\n<blockquote style=\"margin:0 0 0 .8ex; border-left:1px #ccc solid; padding-left:1ex\">\r\n<div>\r\n<p>From: woopsie</p>\r\n<div>\r\n<p>Hi</p>\r\n<p>I'm just implementing a sql-like dialect and am unsure of the best/proper way to implement the above. I have had a check in the sample SQL grammar and IS NULL/IS NOT NULL doesn't appear to be implemmented.</p>\r\n<p>I am not sure whether it is best implemented as</p>\r\n<ul>\r\n<li>a Null expression which provides the NULL or NOT NULL options </li><li>an Is expression which provides the IS or IS NOT options </li></ul>\r\n<p>or perhaps another implementation</p>\r\n<p>I'd be grateful of any thoughts about why one may be better than then other.</p>\r\n<p>Many thx</p>\r\n<p>S</p>\r\n</div>\r\n<div>\r\n<p>Read the <a href=\"http://irony.codeplex.com/discussions/272691#post672258\" target=\"_blank\">\r\nfull discussion online</a>.</p>\r\n<p>To add a post to this discussion, reply to this email (<a href=\"mailto:irony@discussions.codeplex.com?subject=[irony:272691]\" target=\"_blank\">irony@discussions.codeplex.com</a>)</p>\r\n<p>To start a new discussion for this project, email <a href=\"mailto:irony@discussions.codeplex.com\" target=\"_blank\">\r\nirony@discussions.codeplex.com</a></p>\r\n<p>You are receiving this email because you subscribed to this discussion on CodePlex. You can\r\n<a href=\"https://irony.codeplex.com/subscriptions/thread/project/edit\" target=\"_blank\">\r\nunsubscribe or change your settings</a> on codePlex.com.</p>\r\n<p>Please note: Images and attachments will be removed from emails. Any posts to this discussion will also be available online at\r\n<a href=\"http://codeplex.com\" target=\"_blank\">codeplex.com</a></p>\r\n</div>\r\n</div>\r\n</blockquote>\r\n</div>\r\n<br>\r\n</div>\r\n</div>\r\n</div>\r\n</div>\r\n</div>\r\n</div>\r\n</div>\r\n",
    "PostedDate": "2011-09-15T20:54:26.293-07:00",
    "UserRole": null,
    "MarkedAsAnswerDate": null
  },
  {
    "Id": "672610",
    "ThreadId": "272691",
    "Html": "<p>Thx for both replies.&nbsp; In the end I opted for the IS NOT option.</p>",
    "PostedDate": "2011-09-16T02:18:34.96-07:00",
    "UserRole": null,
    "MarkedAsAnswerDate": null
  }
]