[
  {
    "Id": "1202932",
    "ThreadId": "528992",
    "Html": "Hi everyone,\r<br />\n<br />\nI have been using Irony for quite some time now and love it. \r<br />\n<br />\nWe have a project here in Bolivia that needs Irony capabilities but it has to be done in Android or Java. Do you know if there is something like Irony in Java/Android? or better yet, is there an Irony port to Java/Android? I have even considered porting it myself but I think it would be a little naive to step on it without asking first an opinion on this.\r<br />\n<br />\nregards<br />\n",
    "PostedDate": "2014-02-05T05:26:12.92-08:00",
    "UserRole": null,
    "MarkedAsAnswerDate": null
  },
  {
    "Id": "1203332",
    "ThreadId": "528992",
    "Html": "Have you tried to build Irony for Xamarin.Android? If it does not work out-of-the-box, you might consider to use the same Irony subset that is used when building Irony for Silverlight.<br />\n",
    "PostedDate": "2014-02-06T00:28:35.557-08:00",
    "UserRole": null,
    "MarkedAsAnswerDate": null
  },
  {
    "Id": "1203766",
    "ThreadId": "528992",
    "Html": "Now, my Java is a bit rusty, but as I recall, it doesn't allow operator overloading, which is used heavily in Irony.<br />\n",
    "PostedDate": "2014-02-06T13:35:06.937-08:00",
    "UserRole": null,
    "MarkedAsAnswerDate": null
  },
  {
    "Id": "1203774",
    "ThreadId": "528992",
    "Html": "Solution chosen based on time and resources for deliver: \r<br />\n<br />\nHypothesis: The expressions sent over to Android devices have already been tested/validated by the dynamic grammars generated on the server with Irony.\r<br />\nSolution: In this case, in Android we will implement a more generic grammar that doesn't check the type of the identifiers (as the dynamic grammars on Irony do) and we will just use the grammar to be able to parse a tree and interpret it. For that we will use natively ANTLR.\r<br />\n<br />\nThanks everyone for the tips. And yes, I will continue using Irony nevertheless for the server solution.<br />\n",
    "PostedDate": "2014-02-06T13:45:49.397-08:00",
    "UserRole": null,
    "MarkedAsAnswerDate": null
  },
  {
    "Id": "1210611",
    "ThreadId": "528992",
    "Html": "Looks like you have decided on a solution.  I just wanted to also point out another potential solution.\r<br />\n<br />\n<a href=\"http://www.example.com\" rel=\"nofollow\">http://www.ikvm.net</a>. \r<br />\n<br />\nThis tool translates Java byte-code to .NET IL (<em>ikvmc</em>) and .NET IL to Java byte code (<em>ikvmstub</em>).<br />\n",
    "PostedDate": "2014-02-19T08:28:10.97-08:00",
    "UserRole": null,
    "MarkedAsAnswerDate": null
  }
]