[
  {
    "Id": "477398",
    "ThreadId": "222734",
    "Html": "First of all, I've loved Irony since I learned about the library two years ago. It has amazing potentials. \r\nBut I couldn't find any documentation on the library at the time and currently either.\r\n\r\nIs there any way to learn more about Irony?\r\n",
    "PostedDate": "2010-08-06T08:07:39.557-07:00",
    "UserRole": null,
    "MarkedAsAnswerDate": null
  },
  {
    "Id": "478672",
    "ThreadId": "222734",
    "Html": "sorry, same situation\r\nmany folks came forward suggesting help with docs, but then disappeared \r\nwiki book seems abandoned.\r\nI barely have time to fix urgent problems\r\n",
    "PostedDate": "2010-08-10T09:36:05.69-07:00",
    "UserRole": null,
    "MarkedAsAnswerDate": null
  },
  {
    "Id": "817185",
    "ThreadId": "222734",
    "Html": "<p>Almost two years have gone. So please let me ask again do you have any progress/plans for the documentation creation?</p>",
    "PostedDate": "2012-03-29T07:16:03.973-07:00",
    "UserRole": null,
    "MarkedAsAnswerDate": null
  },
  {
    "Id": "817259",
    "ThreadId": "222734",
    "Html": "<p>i don' know. did you write any? - me neither. sorry</p>",
    "PostedDate": "2012-03-29T09:17:14.69-07:00",
    "UserRole": null,
    "MarkedAsAnswerDate": null
  }
]