[
  {
    "Id": "914766",
    "ThreadId": "396127",
    "Html": "\r\n<p>Can the definition of <em>AsString </em>in AstNode.cs be made virtual? This enables overriding it in derived classes.</p>\r\n<p>It seems easier all round for me to just describe this change, instead of checking in code, to be reviewed by you, etc. If I am wrong, just let me know.</p>\r\n<p>Thanks very much.</p>\r\n<p>&nbsp;</p>\r\n<p>pgeerkens</p>\r\n",
    "PostedDate": "2012-09-19T11:52:09.713-07:00",
    "UserRole": null,
    "MarkedAsAnswerDate": null
  },
  {
    "Id": "915257",
    "ThreadId": "396127",
    "Html": "<p>sure, no problem, will change in the next code drop, whenever it comes.</p>\r\n<p>But why do you need this? why existing ability to assign it in node constructor is not enough? - what scenario do you have?</p>",
    "PostedDate": "2012-09-20T09:45:08.457-07:00",
    "UserRole": null,
    "MarkedAsAnswerDate": null
  },
  {
    "Id": "915661",
    "ThreadId": "396127",
    "Html": "<p>I am building a class hierarchy from <em>MyAstNode</em>, deriving from <em>AstNode</em>, with the following snippet at the end of <em>MyAstNode.Init(...):</em></p>\r\n<p><span style=\"font-family: Consolas; color: #0000ff; font-size: xx-small;\"><span style=\"font-family: Consolas; color: #0000ff; font-size: xx-small;\"><span style=\"font-family: Consolas; color: #0000ff; font-size: xx-small;\">public </span></span></span><span style=\"font-family: Consolas; color: #0000ff; font-size: xx-small;\"><span style=\"font-family: Consolas; color: #0000ff; font-size: xx-small;\"><span style=\"font-family: Consolas; color: #0000ff; font-size: xx-small;\">class</span></span></span><span style=\"font-family: Consolas; font-size: xx-small;\"><span style=\"font-family: Consolas; font-size: xx-small;\"> </span></span><span style=\"font-family: Consolas; color: #2b91af; font-size: xx-small;\"><span style=\"font-family: Consolas; color: #2b91af; font-size: xx-small;\"><span style=\"font-family: Consolas; color: #2b91af; font-size: xx-small;\">MyAstNode</span></span></span><span style=\"font-family: Consolas; font-size: xx-small;\"><span style=\"font-family: Consolas; font-size: xx-small;\"> : </span></span><span style=\"font-family: Consolas; color: #2b91af; font-size: xx-small;\"><span style=\"font-family: Consolas; color: #2b91af; font-size: xx-small;\"><span style=\"font-family: Consolas; color: #2b91af; font-size: xx-small;\">AstNode</span></span></span><span style=\"font-family: Consolas; font-size: xx-small;\">\r\n<p><span style=\"font-family: Consolas; font-size: xx-small;\">&nbsp; {\r\n<p><span style=\"font-family: Consolas; font-size: xx-small;\">\r\n<p><span style=\"font-family: Consolas; font-size: xx-small;\"><font face=\"Consolas\" size=\"1\">\r\n<p style=\"padding-left: 30px;\">&nbsp;</p>\r\n</font></span></p>\r\n</span></p>\r\n<p style=\"padding-left: 30px;\">&nbsp;</p>\r\n<span style=\"font-family: Consolas; color: #0000ff; font-size: xx-small;\"><span style=\"font-family: Consolas; color: #0000ff; font-size: xx-small;\"><span style=\"font-family: Consolas; color: #0000ff; font-size: xx-small;\">public</span></span></span><span style=\"font-family: Consolas; font-size: xx-small;\"><span style=\"font-family: Consolas; font-size: xx-small;\"> </span></span><span style=\"font-family: Consolas; color: #0000ff; font-size: xx-small;\"><span style=\"font-family: Consolas; color: #0000ff; font-size: xx-small;\"><span style=\"font-family: Consolas; color: #0000ff; font-size: xx-small;\">override</span></span></span><span style=\"font-family: Consolas; font-size: xx-small;\"><span style=\"font-family: Consolas; font-size: xx-small;\"> </span></span><span style=\"font-family: Consolas; color: #0000ff; font-size: xx-small;\"><span style=\"font-family: Consolas; color: #0000ff; font-size: xx-small;\"><span style=\"font-family: Consolas; color: #0000ff; font-size: xx-small;\">void</span></span></span><span style=\"font-family: Consolas; font-size: xx-small;\"><span style=\"font-family: Consolas; font-size: xx-small;\"> Init(</span></span><span style=\"font-family: Consolas; color: #2b91af; font-size: xx-small;\"><span style=\"font-family: Consolas; color: #2b91af; font-size: xx-small;\"><span style=\"font-family: Consolas; color: #2b91af; font-size: xx-small;\">AstContext</span></span></span><span style=\"font-family: Consolas; font-size: xx-small;\"><span style=\"font-family: Consolas; font-size: xx-small;\"> context, </span></span><span style=\"font-family: Consolas; color: #2b91af; font-size: xx-small;\"><span style=\"font-family: Consolas; color: #2b91af; font-size: xx-small;\"><span style=\"font-family: Consolas; color: #2b91af; font-size: xx-small;\">ParseTreeNode</span></span></span><span style=\"font-family: Consolas; font-size: xx-small;\"><span style=\"font-family: Consolas; font-size: xx-small;\"> treeNode) {</span></span>\r\n<p style=\"padding-left: 60px;\"><font face=\"Consolas\" size=\"1\"><font face=\"Consolas\" size=\"1\">&lt;Much irrelevant stuff&gt;</font></font>\r\n<p style=\"padding-left: 60px;\"><span style=\"font-family: Consolas; font-size: xx-small;\"><span style=\"font-family: Consolas; font-size: xx-small;\">AsString = GetType().Name.Replace(</span></span><span style=\"font-family: Consolas; color: #a31515; font-size: xx-small;\"><span style=\"font-family: Consolas; color: #a31515; font-size: xx-small;\"><span style=\"font-family: Consolas; color: #a31515; font-size: xx-small;\">\"Node\"</span></span></span><span style=\"font-family: Consolas; font-size: xx-small;\"><span style=\"font-family: Consolas; font-size: xx-small;\">,</span></span><span style=\"font-family: Consolas; color: #a31515; font-size: xx-small;\"><span style=\"font-family: Consolas; color: #a31515; font-size: xx-small;\"><span style=\"font-family: Consolas; color: #a31515; font-size: xx-small;\">\"\"</span></span></span><span style=\"font-family: Consolas; font-size: xx-small;\"><span style=\"font-family: Consolas; font-size: xx-small;\">);</span></span></p>\r\n<p><a></a></p>\r\n<p><a></a></p>\r\n<p><a></a></p>\r\n</p>\r\n</span></p>\r\n</span></p>\r\n<p style=\"padding-left: 30px;\"><span style=\"font-family: Consolas; font-size: xx-small;\"><span style=\"font-family: Consolas; font-size: xx-small;\">}</span></span></p>\r\n<p style=\"padding-left: 30px;\"><span style=\"font-family: Consolas; font-size: xx-small;\"><span style=\"font-family: Consolas; font-size: xx-small;\"><span style=\"font-family: Consolas; font-size: xx-small;\"><span style=\"font-family: Consolas; font-size: xx-small;\"><font face=\"Consolas\" size=\"1\">\r\n<p>&nbsp;</p>\r\n</font></span></span>\r\n<p>&nbsp;</p>\r\n<span style=\"font-family: Consolas; color: #0000ff; font-size: xx-small;\"><span style=\"font-family: Consolas; color: #0000ff; font-size: xx-small;\"><span style=\"font-family: Consolas; color: #0000ff; font-size: xx-small;\">public</span></span></span><span style=\"font-family: Consolas; font-size: xx-small;\"><span style=\"font-family: Consolas; font-size: xx-small;\"> </span></span><span style=\"font-family: Consolas; color: #0000ff; font-size: xx-small;\"><span style=\"font-family: Consolas; color: #0000ff; font-size: xx-small;\"><span style=\"font-family: Consolas; color: #0000ff; font-size: xx-small;\">override</span></span></span><span style=\"font-family: Consolas; font-size: xx-small;\"><span style=\"font-family: Consolas; font-size: xx-small;\"> </span></span><span style=\"font-family: Consolas; color: #0000ff; font-size: xx-small;\"><span style=\"font-family: Consolas; color: #0000ff; font-size: xx-small;\"><span style=\"font-family: Consolas; color: #0000ff; font-size: xx-small;\">string</span></span></span>\r\n<p><span style=\"font-family: Consolas; font-size: xx-small;\">\r\n<p><span style=\"font-family: Consolas; font-size: xx-small;\"> AsString { <font face=\"Consolas\" size=\"1\">\r\n<p style=\"padding-left: 30px;\">&nbsp;</p>\r\n</font></span></p>\r\n</span></p>\r\n<p style=\"padding-left: 30px;\">&nbsp;</p>\r\n<span style=\"font-family: Consolas; color: #0000ff; font-size: xx-small;\"><span style=\"font-family: Consolas; color: #0000ff; font-size: xx-small;\"><span style=\"font-family: Consolas; color: #0000ff; font-size: xx-small;\">get</span></span></span><span style=\"font-family: Consolas; font-size: xx-small;\"><span style=\"font-family: Consolas; font-size: xx-small;\"> { </span></span><span style=\"font-family: Consolas; color: #0000ff; font-size: xx-small;\"><span style=\"font-family: Consolas; color: #0000ff; font-size: xx-small;\"><span style=\"font-family: Consolas; color: #0000ff; font-size: xx-small;\">return</span></span></span><span style=\"font-family: Consolas; font-size: xx-small;\"><span style=\"font-family: Consolas; font-size: xx-small;\"> </span></span><span style=\"font-family: Consolas; color: #0000ff; font-size: xx-small;\"><span style=\"font-family: Consolas; color: #0000ff; font-size: xx-small;\"><span style=\"font-family: Consolas; color: #0000ff; font-size: xx-small;\">base</span></span></span>\r\n<p style=\"padding-left: 30px;\"><span style=\"font-family: Consolas; font-size: xx-small;\">\r\n<p style=\"padding-left: 30px;\"><span style=\"font-family: Consolas; font-size: xx-small;\">.AsString + Suffix; } <font face=\"Consolas\" size=\"1\">\r\n<p style=\"padding-left: 30px;\">&nbsp;</p>\r\n</font></span></p>\r\n</span></p>\r\n<p style=\"padding-left: 30px;\">&nbsp;</p>\r\n<span style=\"font-family: Consolas; color: #0000ff; font-size: xx-small;\"><span style=\"font-family: Consolas; color: #0000ff; font-size: xx-small;\"><span style=\"font-family: Consolas; color: #0000ff; font-size: xx-small;\">protected</span></span></span><span style=\"font-family: Consolas; font-size: xx-small;\"><span style=\"font-family: Consolas; font-size: xx-small;\"> </span></span><span style=\"font-family: Consolas; color: #0000ff; font-size: xx-small;\"><span style=\"font-family: Consolas; color: #0000ff; font-size: xx-small;\"><span style=\"font-family: Consolas; color: #0000ff; font-size: xx-small;\">set</span></span></span><span style=\"font-family: Consolas; font-size: xx-small;\"><span style=\"font-family: Consolas; font-size: xx-small;\"> { </span></span><span style=\"font-family: Consolas; color: #0000ff; font-size: xx-small;\"><span style=\"font-family: Consolas; color: #0000ff; font-size: xx-small;\"><span style=\"font-family: Consolas; color: #0000ff; font-size: xx-small;\">base</span></span></span><span style=\"font-family: Consolas; font-size: xx-small;\"><span style=\"font-family: Consolas; font-size: xx-small;\">.AsString = </span></span><span style=\"font-family: Consolas; color: #0000ff; font-size: xx-small;\"><span style=\"font-family: Consolas; color: #0000ff; font-size: xx-small;\"><span style=\"font-family: Consolas; color: #0000ff; font-size: xx-small;\">value</span></span></span>\r\n<p style=\"padding-left: 30px;\"><span style=\"font-family: Consolas; font-size: xx-small;\">\r\n<p style=\"padding-left: 30px;\"><span style=\"font-family: Consolas; font-size: xx-small;\">; }\r\n<p>}</p>\r\n<font face=\"Consolas\" size=\"1\">\r\n<p>&nbsp;</p>\r\n</font></span></p>\r\n</span></p>\r\n<p>&nbsp;</p>\r\n<span style=\"font-family: Consolas; color: #0000ff; font-size: xx-small;\"><span style=\"font-family: Consolas; color: #0000ff; font-size: xx-small;\"><span style=\"font-family: Consolas; color: #0000ff; font-size: xx-small;\">public</span></span></span><span style=\"font-family: Consolas; font-size: xx-small;\"><span style=\"font-family: Consolas; font-size: xx-small;\"> </span></span><span style=\"font-family: Consolas; color: #0000ff; font-size: xx-small;\"><span style=\"font-family: Consolas; color: #0000ff; font-size: xx-small;\"><span style=\"font-family: Consolas; color: #0000ff; font-size: xx-small;\">virtual</span></span></span><span style=\"font-family: Consolas; font-size: xx-small;\"><span style=\"font-family: Consolas; font-size: xx-small;\"> </span></span><span style=\"font-family: Consolas; color: #0000ff; font-size: xx-small;\"><span style=\"font-family: Consolas; color: #0000ff; font-size: xx-small;\"><span style=\"font-family: Consolas; color: #0000ff; font-size: xx-small;\">string</span></span></span><span style=\"font-family: Consolas; font-size: xx-small;\"><span style=\"font-family: Consolas; font-size: xx-small;\"> Suffix { </span></span><span style=\"font-family: Consolas; color: #0000ff; font-size: xx-small;\"><span style=\"font-family: Consolas; color: #0000ff; font-size: xx-small;\"><span style=\"font-family: Consolas; color: #0000ff; font-size: xx-small;\">get</span></span></span><span style=\"font-family: Consolas; font-size: xx-small;\"><span style=\"font-family: Consolas; font-size: xx-small;\"> { </span></span><span style=\"font-family: Consolas; color: #0000ff; font-size: xx-small;\"><span style=\"font-family: Consolas; color: #0000ff; font-size: xx-small;\"><span style=\"font-family: Consolas; color: #0000ff; font-size: xx-small;\">return</span></span></span><span style=\"font-family: Consolas; font-size: xx-small;\"><span style=\"font-family: Consolas; font-size: xx-small;\"> </span></span><span style=\"font-family: Consolas; color: #a31515; font-size: xx-small;\"><span style=\"font-family: Consolas; color: #a31515; font-size: xx-small;\"><span style=\"font-family: Consolas; color: #a31515; font-size: xx-small;\">\"\"</span></span></span><span style=\"font-family: Consolas; font-size: xx-small;\"><span style=\"font-family: Consolas; font-size: xx-small;\">; } } </span></span>\r\n<p><span style=\"font-family: Consolas; font-size: xx-small;\"><span style=\"font-family: Consolas; font-size: xx-small;\"><span style=\"font-family: Consolas; font-size: xx-small;\"><span style=\"font-family: Consolas; font-size: xx-small;\"><span style=\"font-family: Consolas; font-size: xx-small;\"><span style=\"font-family: Consolas; font-size: xx-small;\"><span style=\"font-family: Consolas; font-size: xx-small;\"><span style=\"font-family: Consolas; font-size: xx-small;\"><span style=\"font-family: Consolas; font-size: xx-small;\"><span style=\"font-family: Consolas; font-size: xx-small;\"><span style=\"font-family: Consolas; font-size: xx-small;\"><span style=\"font-family: Consolas; font-size: xx-small;\">&nbsp;</span></span></span></span></span></span></span></span></span></span></span></span>}</p>\r\n<p><span style=\"font-family: Consolas; font-size: xx-small;\"><span style=\"font-family: Consolas; font-size: xx-small;\">&nbsp;</span></span></p>\r\n<span style=\"font-family: Consolas; font-size: xx-small;\"><span style=\"font-family: Consolas; font-size: xx-small;\">&nbsp;</span></span></span></span></p>\r\n<p style=\"padding-left: 30px;\"><span style=\"font-family: Consolas; font-size: xx-small;\"><span style=\"font-family: Consolas; font-size: xx-small;\">&nbsp;</span></span></p>\r\n<div id=\"_mcePaste\" class=\"mcePaste\" style=\"padding-left: 30px; width: 1px; height: 1px; overflow: hidden; top: 0px; left: -10000px;\">﻿</div>",
    "PostedDate": "2012-09-21T05:29:40.577-07:00",
    "UserRole": null,
    "MarkedAsAnswerDate": null
  },
  {
    "Id": "915667",
    "ThreadId": "396127",
    "Html": "<p>Also&nbsp;- Thank you for the quick reply.&nbsp;</p>",
    "PostedDate": "2012-09-21T05:46:57.407-07:00",
    "UserRole": null,
    "MarkedAsAnswerDate": null
  },
  {
    "Id": "915788",
    "ThreadId": "396127",
    "Html": "<p>Hmm... strange - why don't you append the Suffix in constructor directly? even if Suffix is overridden in descendant, it will return node-specific value; and if initialization is complete by this point, it should return proper value (I guess)</p>",
    "PostedDate": "2012-09-21T09:44:25.917-07:00",
    "UserRole": null,
    "MarkedAsAnswerDate": null
  },
  {
    "Id": "915800",
    "ThreadId": "396127",
    "Html": "<p>It's a timing issue - the proper value of Suffix is not known at <em>Init </em>time, but is rather calculated later.</p>\r\n<p>&nbsp;</p>\r\n<p style=\"padding-left: 30px;\">&nbsp;</p>\r\n<div id=\"_mcePaste\" class=\"mcePaste\" style=\"position: absolute; width: 1px; height: 1px; overflow: hidden; top: 0px; left: -10000px;\">﻿</div>",
    "PostedDate": "2012-09-21T09:54:04.043-07:00",
    "UserRole": null,
    "MarkedAsAnswerDate": null
  },
  {
    "Id": "915801",
    "ThreadId": "396127",
    "Html": "<p>but then I suggest to make this timing dependency explicit: assign initial value of AsString in constructor; then update it later when you compute the suffix.&nbsp;</p>",
    "PostedDate": "2012-09-21T09:57:19.447-07:00",
    "UserRole": null,
    "MarkedAsAnswerDate": null
  },
  {
    "Id": "915818",
    "ThreadId": "396127",
    "Html": "<p>We must agree to disagree on which coding style works best, and is most clear to the reader.</p>\r\n<p>;-)</p>\r\n<p>My initial reaction on discovering that I could not <em>override</em> a <em>non-virtual </em>property was \"Holy cow Batman! I must remember to make all my properties <em>virtual</em>.\"</p>",
    "PostedDate": "2012-09-21T10:22:45.927-07:00",
    "UserRole": null,
    "MarkedAsAnswerDate": null
  },
  {
    "Id": "915963",
    "ThreadId": "396127",
    "Html": "<p>On reflection, let me expand:. Since the AST nodes are displayed by the core code in Irony, the sub-classed implementation of <strong><em>AsString</em></strong> must be <em>overrides</em> instead of <em>new</em>, so that&nbsp;the modified&nbsp;implementation replaces that buried in <em><strong>AstNode.cs</strong></em>.</p>\r\n<p>Keep up the good work - I am thoroughly enjoying working with Irony.</p>",
    "PostedDate": "2012-09-21T16:05:52.373-07:00",
    "UserRole": null,
    "MarkedAsAnswerDate": null
  }
]