[
  {
    "Id": "841442",
    "ThreadId": "357320",
    "Html": "\r\n<p>Does Irony work with the .NET Compact Framework?</p>\r\n<p>I haven't tried converting it yet. I thought I would ask here in the off chance that someone has already tried and failed or succeeded. I need this to work on the PC as well as in a Windows CE environment. This was something I hadn't checked on yet which\r\n I'm quite disappointed in myself for not having done so already.</p>\r\n<p>Thanks,</p>\r\n<p>BallisticPain</p>\r\n",
    "PostedDate": "2012-05-27T12:46:05.46-07:00",
    "UserRole": null,
    "MarkedAsAnswerDate": null
  }
]