[
  {
    "Id": "115860",
    "ThreadId": "34878",
    "Html": "Just downloaded the 12333 release off the releases page and it's missing the _AstNode.cs file.\r\n",
    "PostedDate": "2008-09-03T17:18:58.96-07:00",
    "UserRole": null,
    "MarkedAsAnswerDate": null
  },
  {
    "Id": "115887",
    "ThreadId": "34878",
    "Html": "just added it, in version 12360. thanks!<br>\r\nRoman\r\n",
    "PostedDate": "2008-09-03T20:33:55.577-07:00",
    "UserRole": null,
    "MarkedAsAnswerDate": null
  }
]