[
  {
    "Id": "112824",
    "ThreadId": "34040",
    "Html": "Hi Roman,<br>\r\n<br>\r\nExist new updates of the project or its development is stopped?<br>\r\n<br>\r\nThanks,<br>\r\nJorge\r\n",
    "PostedDate": "2008-08-21T17:05:01.21-07:00",
    "UserRole": null,
    "MarkedAsAnswerDate": null
  },
  {
    "Id": "112870",
    "ThreadId": "34040",
    "Html": "Hi<br>\r\neverything is ok, development continues; sorry, didn't make any code drops for such a long time. Had been busy researching, refactoring and putting new stuff in. And busy on daytime job, and vacation and etc.&nbsp;Didn't have stable rounded-up version to drop. Hopefully will drop something in a couple of weeks.<br>\r\nthanks for caring<br>\r\nRoman\r\n",
    "PostedDate": "2008-08-21T23:22:51.983-07:00",
    "UserRole": null,
    "MarkedAsAnswerDate": null
  }
]