[
  {
    "Id": "191211",
    "ThreadId": "56585",
    "Html": "<p>Hi,</p>\r\n<p>i played with Irony and come to the two following problem:</p>\r\n<p>a) Start a ExpressionLine only by using an assignment or by using only '=&quot;</p>\r\n<p>a = 5 + 3</p>\r\n<p>= 5 + 3</p>\r\n<p>should be parsed the same or nearly the same.</p>\r\n<p>b) Create a Statement or what else that looks like:</p>\r\n<p>aaa!bbb like 'User!UserId' in the SqlReportingServer - Expression Language</p>\r\n<p>so i can use it as</p>\r\n<p>a = aaa!bbb&nbsp;</p>\r\n<p>what else i try, i always get an SyntaxError with the &quot;!&quot; sign.</p>\r\n<p>&nbsp;</p>\r\n<p>Thanks very much in advance</p>\r\n<p>Peter</p>\r\n<p>&nbsp;</p>\r\n<p>&nbsp;</p>",
    "PostedDate": "2009-05-17T11:01:52.477-07:00",
    "UserRole": null,
    "MarkedAsAnswerDate": null
  },
  {
    "Id": "191346",
    "ThreadId": "56585",
    "Html": "<p>well, remember it's just a sample expression evaluator. Before I&nbsp;introduce &quot;!&quot; or &quot;.&quot; operators, there must be an object&nbsp;reference&nbsp;implementation,&nbsp;ability to use external objects (not just numbers), .NET interop and so on.&nbsp;Too much&nbsp;for simple demo&nbsp;I think. Although, once all this functionality is supported by core Irony functionality, it won't be a big deal to extend the example into&nbsp;real &quot;embeddable evaluation engine&quot;.</p>\r\n<p>thank you for you suggestions</p>\r\n<p>Roman&nbsp;</p>",
    "PostedDate": "2009-05-18T00:12:18.207-07:00",
    "UserRole": null,
    "MarkedAsAnswerDate": null
  },
  {
    "Id": "191399",
    "ThreadId": "56585",
    "Html": "<p>Hi Roman</p>\r\n<p>i think you missed me.</p>\r\n<p>If i&nbsp;build a statement or Function like &quot;User&quot; all works as expected.</p>\r\n<p>As soon as i use &quot;User!&quot; i get an error&nbsp; (EOF,LF) pointing to the &quot;!&quot;.</p>\r\n<p>So, what i'm looking for is a chance to use the &quot;!&quot; Character only as a String representation.</p>\r\n<p>No need for special operators or stuff like this.</p>\r\n<p>Peter</p>\r\n<p>&nbsp;</p>\r\n<p>&nbsp;</p>",
    "PostedDate": "2009-05-18T04:11:38.767-07:00",
    "UserRole": null,
    "MarkedAsAnswerDate": null
  },
  {
    "Id": "191501",
    "ThreadId": "56585",
    "Html": "<p>I don't quite understand what are you trying to do. Are you building a new grammar? or just trying to feed some input expression with &quot;User!UserId&quot; term into sample expression evaluator?</p>",
    "PostedDate": "2009-05-18T08:42:35.54-07:00",
    "UserRole": null,
    "MarkedAsAnswerDate": null
  },
  {
    "Id": "191528",
    "ThreadId": "56585",
    "Html": "<p>Hi Roman,</p>\r\n<p>i'm the developer of SharpReport, the reporting tool for SharpDevelop.</p>\r\n<p>To be as similar as possible&nbsp;to SqlServer ReportingServices i try to implement nearly the same grammer for expressions as SQlServer does.</p>\r\n<p>So for a&nbsp;quick look:</p>\r\n<p><a href=\"http://msdn.microsoft.com/en-us/library/ms157274.aspx\">http://msdn.microsoft.com/en-us/library/ms157274.aspx</a></p>\r\n<p>In a big way i have to parse</p>\r\n<p>User!UserId and some more</p>\r\n<p>Globals!<span style=\"font-family:Courier New\">.PageNumber</span>&nbsp; and some more</p>\r\n<p>Parameters!ParamName</p>\r\n<p>Fields!FieldsInDataSet</p>\r\n<p>Variables!Variablename</p>\r\n<p>That's why i need the ExclamationMark</p>\r\n<p>Thanks</p>\r\n<p>Peter</p>\r\n<p>&nbsp;</p>\r\n<p>&nbsp;</p>",
    "PostedDate": "2009-05-18T09:42:05.047-07:00",
    "UserRole": null,
    "MarkedAsAnswerDate": null
  },
  {
    "Id": "191748",
    "ThreadId": "56585",
    "Html": "<p>ok, what you need is define another non-terminal FieldRef, as kind of Term:</p>\r\n<p><span style=\"font-size:x-small\">\r\n<p>Term.Rule = number | ParExpr | Variable | FieldRef;</p>\r\n<p>FieldRef.Rule = Variable + &quot;!&quot; + Variable;</p>\r\n<p>&nbsp;</p>\r\n<p>Roman</p>\r\n</span></p>",
    "PostedDate": "2009-05-18T22:37:30.013-07:00",
    "UserRole": null,
    "MarkedAsAnswerDate": null
  },
  {
    "Id": "192193",
    "ThreadId": "56585",
    "Html": "<div id=\"ctl00_ctl00_MasterContent_Content_PostRepeater_ctl12_BodyDiv\">\r\n<p>Hi Roman,</p>\r\n<p>hopefully i did it correct.</p>\r\n<p>After a long trail and error phase i found a solution by myself:</p>\r\n<p><span style=\"font-size:x-small;color:#006400\"><span style=\"font-size:x-small;color:#006400\"><span style=\"font-size:x-small;color:#000080\"><span style=\"font-size:x-small;color:#000080\">var</span></span></span></span>&nbsp;<span style=\"font-size:xx-small\"><span style=\"font-size:x-small\">exclamationMark </span><span style=\"font-size:x-small;color:#006400\"><span style=\"font-size:x-small;color:#006400\">= </span></span><strong><span style=\"font-size:x-small;color:#191970\"><span style=\"font-size:x-small;color:#191970\">Symbol</span></span></strong><span style=\"font-size:x-small;color:#006400\"><span style=\"font-size:x-small;color:#006400\">(</span></span><span style=\"font-size:x-small;color:#0000ff\"><span style=\"font-size:x-small;color:#0000ff\">&quot;!&quot;</span></span><span style=\"font-size:x-small;color:#006400\"><span style=\"font-size:x-small;color:#006400\">);</span></span></span></p>\r\n<span style=\"font-size:x-small;color:#000080\"><span style=\"font-size:x-small;color:#000080\">\r\n<p><span style=\"font-size:x-small;color:#000080\"><span style=\"font-size:x-small;color:#000080\">var <span style=\"font-size:xx-small\"><span style=\"font-size:x-small;color:#000000\">UserSection </span><span style=\"font-size:x-small;color:#006400\"><span style=\"font-size:x-small;color:#006400\">= </span></span><strong><span style=\"font-size:x-small;color:#191970\"><span style=\"font-size:x-small;color:#191970\">Symbol</span></span></strong><span style=\"font-size:x-small;color:#006400\"><span style=\"font-size:x-small;color:#006400\">(</span></span><span style=\"font-size:x-small;color:#0000ff\"><span style=\"font-size:x-small;color:#0000ff\">&quot;User&quot;</span></span></span> <span style=\"font-size:x-small;color:#006400\"><span style=\"font-size:x-small;color:#006400\"><span style=\"font-size:xx-small\">);</span></span></span><span style=\"font-size:x-small;color:#006400\"></span>\r\n<p>&nbsp;</p>\r\n</span></span>var <span style=\"font-size:x-small;color:#000000\">userSectionStmt </span><span style=\"font-size:x-small;color:#006400\"><span style=\"font-size:x-small;color:#006400\">= </span></span><strong><span style=\"font-size:x-small;color:#008b8b\"><span style=\"font-size:x-small;color:#008b8b\">new </span></span><span style=\"font-size:x-small;color:#191970\"><span style=\"font-size:x-small;color:#191970\">NonTerminal</span></span></strong><span style=\"font-size:x-small;color:#006400\"><span style=\"font-size:x-small;color:#006400\">(</span></span><span style=\"font-size:x-small;color:#0000ff\"><span style=\"font-size:x-small;color:#0000ff\">&quot;userStmt&quot;</span></span><span style=\"font-size:x-small;color:#006400\"><span style=\"font-size:x-small;color:#006400\">);</span></span><span style=\"color:#006400\"> </span></p>\r\n<p><span style=\"font-size:x-small;color:#000000\">userSectionStmt</span><span style=\"font-size:x-small;color:#006400\"><span style=\"font-size:x-small;color:#006400\">.</span></span><span style=\"font-size:x-small;color:#000000\">Rule </span><span style=\"font-size:x-small;color:#006400\"><span style=\"font-size:x-small;color:#006400\">= </span></span><span style=\"font-size:x-small;color:#000000\">UserSection </span><span style=\"font-size:x-small;color:#006400\"><span style=\"font-size:x-small;color:#006400\">+ </span></span><span style=\"font-size:x-small;color:#000000\">exclamationMark </span><span style=\"font-size:x-small;color:#006400\"><span style=\"font-size:x-small;color:#006400\">+ </span></span><strong><span style=\"font-size:x-small;color:#191970\"><span style=\"font-size:x-small;color:#191970\">Symbol</span></span></strong><span style=\"font-size:x-small;color:#006400\"><span style=\"font-size:x-small;color:#006400\">(</span></span><span style=\"font-size:x-small;color:#0000ff\"><span style=\"font-size:x-small;color:#0000ff\">&quot;UserId&quot;</span></span><span style=\"font-size:x-small;color:#006400\"><span style=\"font-size:x-small;color:#006400\">)</span></span><span style=\"font-size:x-small;color:#006400\"> </span></p>\r\n<span style=\"font-size:x-small\">\r\n<p>&nbsp;| <span style=\"font-size:x-small;color:#000000\">UserSection </span><span style=\"font-size:x-small;color:#006400\"><span style=\"font-size:x-small;color:#006400\">+ </span></span><span style=\"font-size:x-small;color:#000000\">exclamationMark </span><span style=\"font-size:x-small;color:#006400\"><span style=\"font-size:x-small;color:#006400\">+ </span></span><strong><span style=\"font-size:x-small;color:#191970\"><span style=\"font-size:x-small;color:#191970\">Symbol</span></span></strong><span style=\"font-size:x-small;color:#006400\"><span style=\"font-size:x-small;color:#006400\">(</span></span><span style=\"font-size:x-small;color:#0000ff\"><span style=\"font-size:x-small;color:#0000ff\">&quot;test1&quot;</span></span><span style=\"font-size:x-small;color:#006400\"><span style=\"font-size:x-small;color:#006400\">)</span></span></p>\r\n<p>| <span style=\"font-size:x-small;color:#000000\">UserSection </span><span style=\"font-size:x-small;color:#006400\"><span style=\"font-size:x-small;color:#006400\">+ </span></span><span style=\"font-size:x-small;color:#000000\">exclamationMark </span><span style=\"font-size:x-small;color:#006400\"><span style=\"font-size:x-small;color:#006400\">+ </span></span><strong><span style=\"font-size:x-small;color:#191970\"><span style=\"font-size:x-small;color:#191970\">Symbol</span></span></strong><span style=\"font-size:x-small;color:#006400\"><span style=\"font-size:x-small;color:#006400\">(</span></span><span style=\"font-size:x-small;color:#0000ff\"><span style=\"font-size:x-small;color:#0000ff\">&quot;test2&quot;</span></span><span style=\"font-size:x-small;color:#006400\"><span style=\"font-size:x-small;color:#006400\">);</span></span></p>\r\n<span style=\"font-size:x-small;color:#006400\"><span style=\"font-size:x-small;color:#006400\">\r\n<p><span style=\"font-size:x-small;color:#006400\"><span style=\"font-size:x-small;color:#006400\"><span style=\"font-size:x-small;color:#006400\"><span style=\"font-size:x-small;color:#006400\">The same go's for &quot;Globals!xxx&quot;</span></span></span></span></p>\r\n</span></span></span>\r\n<p><span style=\"font-size:x-small\">Statement<span style=\"font-size:x-small;color:#006400\"><span style=\"font-size:x-small;color:#006400\">.</span></span><span style=\"font-size:x-small\">Rule </span><span style=\"font-size:x-small;color:#006400\"><span style=\"font-size:x-small;color:#006400\">= </span></span><span style=\"font-size:x-small\">AssignmentStmt </span><span style=\"font-size:x-small;color:#006400\"><span style=\"font-size:x-small;color:#006400\">| </span></span><span style=\"font-size:x-small\">Expr </span><span style=\"font-size:x-small;color:#006400\"><span style=\"font-size:x-small;color:#006400\">| </span></span><span style=\"font-size:x-small\">Empty </span><span style=\"font-size:x-small;color:#006400\"><span style=\"font-size:x-small;color:#006400\">| </span></span><span style=\"font-size:x-small\">userSectionStmt </span><span style=\"font-size:x-small;color:#006400\"><span style=\"font-size:x-small;color:#006400\">|</span></span><span style=\"font-size:x-small\">globalSectionStmt</span> ;</span></p>\r\n<p><span style=\"font-size:x-small;color:#006400\"><span style=\"font-size:x-small;color:#006400\">Did you see some disadvantages in this solution.</span></span></p>\r\n<p><span style=\"font-size:x-small;color:#006400\"><span style=\"font-size:x-small;color:#006400\">I will do some UnitTests in my Realworld application to see what solution fit's best.</span></span></p>\r\n<p><span style=\"font-size:x-small;color:#006400\"><span style=\"font-size:x-small;color:#006400\">By the way, did you have any idea about my first question:</span></span></p>\r\n<p>Assignment without variable like</p>\r\n<p>= Expression or what else</p>\r\n<p><span style=\"font-size:x-small;color:#006400\"><span style=\"font-size:x-small;color:#006400\">Thanks a lot for your help</span></span></p>\r\n<p>Peter</p>\r\n<p>&nbsp;</p>\r\n</span></span></div>",
    "PostedDate": "2009-05-19T22:41:09.797-07:00",
    "UserRole": null,
    "MarkedAsAnswerDate": null
  }
]