[
  {
    "Id": "811627",
    "ThreadId": "348947",
    "Html": "\r\n<p>May I drag your attention, my friends, to the new release of my other open source project VITA:</p>\r\n<p><a title=\"VITA\" href=\"http://vita.codeplex.com\" target=\"_blank\">http://vita.codeplex.com</a></p>\r\n<p>Lots of features and functionality. Detailed tutorial. If you work with databases and RESTful Web services in .NET - this might be your thing!</p>\r\n<p>Something to play with on weekend, while sipping cold beer - Happy St Patrick's day!</p>\r\n<p>Roman</p>\r\n",
    "PostedDate": "2012-03-16T12:46:36.06-07:00",
    "UserRole": null,
    "MarkedAsAnswerDate": null
  }
]