[
  {
    "Id": "657165",
    "ThreadId": "268851",
    "Html": "\r\n<p>Hi</p>\r\n<p>I must create a formula editor for a web application in silverlight.</p>\r\n<p>Can i use the &quot; Inrony .net language implementation kit&quot; for that and can i find some starter sample .</p>\r\n<p>Sorry for my bad english.</p>\r\n<p>Best regards</p>\r\n",
    "PostedDate": "2011-08-12T07:41:13.023-07:00",
    "UserRole": null,
    "MarkedAsAnswerDate": null
  },
  {
    "Id": "657281",
    "ThreadId": "268851",
    "Html": "<p>Irony download includes Silverlight version created by Kirill Osenkov. He uses it in his Silverlight project LiveGeometry, here's his blog about integrating Irony into Silverlight:</p>\r\n<p>&nbsp;</p>\r\n<p><a href=\"http://blogs.msdn.com/b/kirillosenkov/archive/2009/10/31/irony.aspx\">http://blogs.msdn.com/b/kirillosenkov/archive/2009/10/31/irony.aspx</a></p>",
    "PostedDate": "2011-08-12T10:32:46.543-07:00",
    "UserRole": null,
    "MarkedAsAnswerDate": null
  }
]