[
  {
    "Id": "1249437",
    "ThreadId": "546531",
    "Html": "Hello, can you pass me some links where i can download previous versions of irony?, Would help me a lot. Thank you very much<br />\n",
    "PostedDate": "2014-05-25T16:14:12.747-07:00",
    "UserRole": null,
    "MarkedAsAnswerDate": null
  },
  {
    "Id": "1249482",
    "ThreadId": "546531",
    "Html": "there's Source Code tab on this site, see there<br />\n",
    "PostedDate": "2014-05-25T23:48:31.167-07:00",
    "UserRole": null,
    "MarkedAsAnswerDate": null
  }
]