[
  {
    "Id": "590356",
    "ThreadId": "252190",
    "Html": "\r\n<p><a href=\"http://www.zedshaw.com/essays/master_and_expert.html#\">http://www.zedshaw.com/essays/master_and_expert.html#</a></p>\r\n<p>Cannot say much about martial arts part, but about programming - sign up to every word!</p>\r\n<p>Extract:</p>\r\n<p><em>... These experts are very smart, capable, and skilled, but they are too busy impressing everyone to realize that their actions are only making things worse for themselves. In the end all of their impressive designs are doing nothing but making more\r\n work for themselves and everyone around them. It&rsquo;s as if their work is only designed for getting them their next job, rather than keeping them in their current one.</em></p>\r\n<p><em>I used to be this way. I used to love complicated designs and read everything I could about complicated technologies. But as I get more experienced and &ldquo;older&rdquo; as a programmer I find complex things just annoying. They aren&rsquo;t a mental\r\n challenge to understand anymore, they are just irritating. I&rsquo;ll pick apart the flashy crap, boil down the technology to its essence and then come up with a much simpler design for the task at hand almost every time.</em></p>\r\n<p>That's the design philosophy I'm trying to follow, in Irony and VITA. And I wish I could always do it, including my day-time job!</p>\r\n<p>Enjoy it!</p>\r\n<p>Roman&nbsp;</p>\r\n",
    "PostedDate": "2011-04-01T11:03:24.58-07:00",
    "UserRole": null,
    "MarkedAsAnswerDate": null
  }
]