[
  {
    "Id": "1076234",
    "ThreadId": "452293",
    "Html": "I have a simple grammar to demonstrate the problem I am having and am sure am missing something obvious but the grammar explorer keeps on throwing invalid character 'r'. Anything obvious I am doing wrong ?<br />\n<pre><code>using System;\nusing System.Collections.Generic;\nusing System.Linq;\nusing System.Text;\nusing System.Threading.Tasks;\nusing Irony.Parsing;\nusing Irony;\n\nnamespace TestIrony\n{\n    [Language(&quot;TestIrony&quot;, &quot;1.0&quot;, &quot;Test grammar&quot;)]\n    class TestGrammar : Grammar\n    {\n        public TestGrammar()\n        {\n            var program = new NonTerminal(&quot;Program&quot;);\n\n            var instruction = new NonTerminal(&quot;Instruction&quot;);\n            var R = new NonTerminal(&quot;r&quot;);\n            var num = new NumberLiteral(&quot;Num&quot;);\n            num.DefaultIntTypes = new TypeCode[] { TypeCode.Int32 };\n\n            R.Rule = &quot;r&quot;;\n            instruction.Rule = R + num;\n            program.Rule = instruction;\n            this.Root = program;\n        }\n    }\n}\n</code></pre>\n\n",
    "PostedDate": "2013-08-02T23:13:57.363-07:00",
    "UserRole": null,
    "MarkedAsAnswerDate": null
  },
  {
    "Id": "1076249",
    "ThreadId": "452293",
    "Html": "what's the sample input that fails? and what kind of expressions do you expect to parse?<br />\n",
    "PostedDate": "2013-08-03T00:23:50.76-07:00",
    "UserRole": null,
    "MarkedAsAnswerDate": null
  },
  {
    "Id": "1076252",
    "ThreadId": "452293",
    "Html": "As I said in the title. This fails to work for the simple expression\r<br />\nr15\r<br />\n<br />\nI am mostly targeting some kind of assembly. Not any well known kinds but something internal to our company. Needless to say this project is extremely helpful. <br />\n",
    "PostedDate": "2013-08-03T00:33:31.503-07:00",
    "UserRole": null,
    "MarkedAsAnswerDate": null
  },
  {
    "Id": "1076253",
    "ThreadId": "452293",
    "Html": "change to:\r<br />\n  var R = ToTerm(&quot;r&quot;);\r<br />\n  R.AllowAlphaAfterKeyword = true;\r<br />\n<br />\n(or smth like this, there's flag on KeyTerm that allows it to be followed by alphanumeric wthout space)<br />\n",
    "PostedDate": "2013-08-03T00:36:42.273-07:00",
    "UserRole": null,
    "MarkedAsAnswerDate": null
  }
]