[
  {
    "Id": "889163",
    "ThreadId": "387824",
    "Html": "\r\n<p>Having problems with Irony v1.0 and VS2010.&nbsp; The internal XAML designer gives following error</p>\r\n<p><strong><em><span style=\"color:#000c7a; font-size:xx-small\"><strong><em><span style=\"color:#000c7a; font-size:xx-small\"><strong><em><span style=\"color:#000c7a; font-size:xx-small\"><span lang=\"EN\"></p>\r\n<p dir=\"ltr\">System.Reflection.TargetInvocationException</p>\r\n<p dir=\"ltr\">Exception has been thrown by the target of an invocation.</p>\r\n</span></span></em>\r\n<p dir=\"ltr\">at System.RuntimeMethodHandle._InvokeMethodFast(IRuntimeMethodInfo method, Object target, Object[] arguments, SignatureStruct&amp; sig, MethodAttributes methodAttributes, RuntimeType typeOwner) at System.RuntimeMethodHandle.InvokeMethodFast(IRuntimeMethodInfo\r\n method, Object target, Object[] arguments, Signature sig, MethodAttributes methodAttributes, RuntimeType typeOwner) at System.Reflection.RuntimeMethodInfo.Invoke(Object obj, BindingFlags invokeAttr, Binder binder, Object[] parameters, CultureInfo culture,\r\n Boolean skipVisibilityChecks) at System.Delegate.DynamicInvokeImpl(Object[] args) at System.Windows.Threading.ExceptionWrapper.InternalRealCall(Delegate callback, Object args, Int32 numArgs) at MS.Internal.Threading.ExceptionFilterHelper.TryCatchWhen(Object\r\n source, Delegate method, Object args, Int32 numArgs, Delegate catchHandler)</p>\r\n<p dir=\"ltr\">&nbsp;</p>\r\n<strong><em>\r\n<p dir=\"ltr\">System.Reflection.Adds.UnresolvedAssemblyException</p>\r\n<p dir=\"ltr\">Type universe cannot resolve assembly: Irony, Version=1.0.0.0, Culture=neutral, PublicKeyToken=null.</p>\r\n</em>\r\n<p dir=\"ltr\">at System.Reflection.Adds.AssemblyProxy.GetResolvedAssembly() at System.Reflection.Adds.AssemblyProxy.GetHashCode() at Microsoft.Windows.Design.Metadata.ReflectionMetadataContext.Reflectable`1.GetHashCode() at System.Collections.Generic.GenericEqualityComparer`1.GetHashCode(T\r\n obj) at System.Collections.Generic.HashSet`1.InternalGetHashCode(T item) at System.Collections.Generic.HashSet`1.Contains(T item) at Microsoft.Windows.Design.Metadata.ReflectionMetadataContext.CanParentContextSupportType(Reflectable`1 type) at Microsoft.Windows.Design.Metadata.ReflectionMetadataContext.GetTypeForReflectableType(Reflectable`1\r\n reflectableType) at MS.Internal.Metadata.ClrType.GetTypeMetadata(Type type) at MS.Internal.Metadata.ClrType.get_BaseType() at MS.Internal.Design.Metadata.Xaml.XamlType.&lt;GetAllAttachableProperties&gt;d__7.MoveNext() at MS.Internal.Design.Metadata.Xaml.XamlType.&lt;FindAttachableProperties&gt;d__0.MoveNext()\r\n at Microsoft.Windows.Design.Metadata.Xaml.XamlExtensionImplementations.&lt;FindAttachableProperties&gt;d__7.MoveNext() at MS.Internal.VirtualModel.VirtualModelPropertyCollection.&lt;GetUncachedProperties&gt;d__0.MoveNext() at System.Linq.Buffer`1..ctor(IEnumerable`1\r\n source) at System.Linq.Enumerable.ToArray[TSource](IEnumerable`1 source) at MS.Internal.VirtualModel.VirtualModelPropertyCollection.GetEnumerator() at MS.Internal.Designer.PropertyEditing.Model.Properties.ModelPropertyMerger.&lt;GetFirstProperties&gt;d__0.MoveNext()\r\n at MS.Internal.Designer.PropertyEditing.Views.PropertyEntryReader.RedraftEntries(IPropertyViewManager viewManager, Selection selection, Boolean attachedOnly, IEventCodeBehindProxy eventCodeBehindProxy, CategoryList categoryList) at MS.Internal.Designer.PropertyEditing.PropertyInspector.UpdateCategories(Selection\r\n selection, Boolean attachedOnly, IEntryReader entryReader) at MS.Internal.Designer.PropertyEditing.PropertyInspector.RefreshPropertyList(Boolean attachedOnly) at MS.Internal.Designer.PropertyEditing.PropertyInspector.OnSelectionChangedIdle()</p>\r\n<p dir=\"ltr\"><strong><em><span style=\"color:#000c7a; font-size:xx-small\"><strong><em><span style=\"color:#000c7a; font-size:xx-small\"><strong><strong></strong></strong></span></em></strong></span></em></strong>&nbsp;</p>\r\n<p dir=\"ltr\"><strong><em><span style=\"color:#000c7a; font-size:xx-small\"><strong><em><span style=\"color:#000c7a; font-size:xx-small\"><strong><strong>If I click on reload designer a total of three times, the disigner will display both XAML and visual display\r\n okey until I click in XAML editor area again and get same error.</strong></strong></span></em></strong></span></em></strong></p>\r\n<p dir=\"ltr\">Any thoughts?</p>\r\n</strong></strong></span></em></strong></span></em></strong>\r\n<p></p>\r\n",
    "PostedDate": "2012-07-23T10:55:25.243-07:00",
    "UserRole": null,
    "MarkedAsAnswerDate": null
  },
  {
    "Id": "889170",
    "ThreadId": "387824",
    "Html": "<p>do you reference Irony in your project?</p>\r\n<p>Other than that obvious thing, have no idea - how Xaml editor does assembly resolution...</p>",
    "PostedDate": "2012-07-23T11:07:35.973-07:00",
    "UserRole": null,
    "MarkedAsAnswerDate": null
  },
  {
    "Id": "889226",
    "ThreadId": "387824",
    "Html": "<p>Yes, I do have a reference in my project to a copy of irony.dll.</p>\r\n<p>Since the version&nbsp;that works is&nbsp;1.0 and your web blog is 2009 and early 2010 is there a possible incompatibility with Framework 4.0?</p>\r\n<p>Is there a newer version of irony.dll?</p>\r\n<p>I downloaded the irony project form Codeplex and compile the solution but when I add the irony.dll&nbsp;from that project and clean/recompile my project I get several errors stating not found methods.</p>\r\n<p>Warning&nbsp;1&nbsp;Namespace or type specified in the Imports 'Irony.Compiler' doesn't contain any public member or cannot be found. Make sure the namespace or the type is defined and contains at least one public member. Make sure the imported element name doesn't use any aliases.&nbsp;C:\\Users\\tony\\Documents\\Visual Studio 2010\\Projects\\SearchQueryWPF\\SearchQueryWPF\\MainWindow.xaml.vb&nbsp;7&nbsp;9&nbsp;SearchQueryWPF<br />Warning&nbsp;2&nbsp;Namespace or type specified in the Imports 'Irony.Compiler' doesn't contain any public member or cannot be found. Make sure the namespace or the type is defined and contains at least one public member. Make sure the imported element name doesn't use any aliases.&nbsp;C:\\Users\\tony\\Documents\\Visual Studio 2010\\Projects\\SearchQueryWPF\\SearchQueryWPF\\Model2 - DAL\\BookDAL.vb&nbsp;5&nbsp;9&nbsp;SearchQueryWPF<br />Warning&nbsp;3&nbsp;Namespace or type specified in the Imports 'Irony.Compiler' doesn't contain any public member or cannot be found. Make sure the namespace or the type is defined and contains at least one public member. Make sure the imported element name doesn't use any aliases.&nbsp;C:\\Users\\tony\\Documents\\Visual Studio 2010\\Projects\\SearchQueryWPF\\SearchQueryWPF\\Utility\\SearchGrammar.vb&nbsp;5&nbsp;9&nbsp;SearchQueryWPF<br />Error&nbsp;4&nbsp;Type 'Grammar' is not defined.&nbsp;C:\\Users\\tony\\Documents\\Visual Studio 2010\\Projects\\SearchQueryWPF\\SearchQueryWPF\\Utility\\SearchGrammar.vb&nbsp;10&nbsp;14&nbsp;SearchQueryWPF<br />Error&nbsp;5&nbsp;Type 'IdentifierTerminal' is not defined.&nbsp;C:\\Users\\tony\\Documents\\Visual Studio 2010\\Projects\\SearchQueryWPF\\SearchQueryWPF\\Utility\\SearchGrammar.vb&nbsp;14&nbsp;24&nbsp;SearchQueryWPF<br />Error&nbsp;6&nbsp;Type 'StringLiteral' is not defined.&nbsp;C:\\Users\\tony\\Documents\\Visual Studio 2010\\Projects\\SearchQueryWPF\\SearchQueryWPF\\Utility\\SearchGrammar.vb&nbsp;19&nbsp;26&nbsp;SearchQueryWPF<br />Error&nbsp;7&nbsp;Type 'NonTerminal' is not defined.&nbsp;C:\\Users\\tony\\Documents\\Visual Studio 2010\\Projects\\SearchQueryWPF\\SearchQueryWPF\\Utility\\SearchGrammar.vb&nbsp;22&nbsp;32&nbsp;SearchQueryWPF<br />Error&nbsp;8&nbsp;Type 'NonTerminal' is not defined.&nbsp;C:\\Users\\tony\\Documents\\Visual Studio 2010\\Projects\\SearchQueryWPF\\SearchQueryWPF\\Utility\\SearchGrammar.vb&nbsp;23&nbsp;30&nbsp;SearchQueryWPF<br />Error&nbsp;9&nbsp;Type 'NonTerminal' is not defined.&nbsp;C:\\Users\\tony\\Documents\\Visual Studio 2010\\Projects\\SearchQueryWPF\\SearchQueryWPF\\Utility\\SearchGrammar.vb&nbsp;24&nbsp;33&nbsp;SearchQueryWPF<br />Error&nbsp;10&nbsp;Type 'NonTerminal' is not defined.&nbsp;C:\\Users\\tony\\Documents\\Visual Studio 2010\\Projects\\SearchQueryWPF\\SearchQueryWPF\\Utility\\SearchGrammar.vb&nbsp;25&nbsp;31&nbsp;SearchQueryWPF<br />Error&nbsp;11&nbsp;Type 'NonTerminal' is not defined.&nbsp;C:\\Users\\tony\\Documents\\Visual Studio 2010\\Projects\\SearchQueryWPF\\SearchQueryWPF\\Utility\\SearchGrammar.vb&nbsp;26&nbsp;35&nbsp;SearchQueryWPF<br />Error&nbsp;12&nbsp;Type 'NonTerminal' is not defined.&nbsp;C:\\Users\\tony\\Documents\\Visual Studio 2010\\Projects\\SearchQueryWPF\\SearchQueryWPF\\Utility\\SearchGrammar.vb&nbsp;27&nbsp;37&nbsp;SearchQueryWPF<br />Error&nbsp;13&nbsp;Type 'NonTerminal' is not defined.&nbsp;C:\\Users\\tony\\Documents\\Visual Studio 2010\\Projects\\SearchQueryWPF\\SearchQueryWPF\\Utility\\SearchGrammar.vb&nbsp;28&nbsp;39&nbsp;SearchQueryWPF<br />Error&nbsp;14&nbsp;Type 'NonTerminal' is not defined.&nbsp;C:\\Users\\tony\\Documents\\Visual Studio 2010\\Projects\\SearchQueryWPF\\SearchQueryWPF\\Utility\\SearchGrammar.vb&nbsp;29&nbsp;37&nbsp;SearchQueryWPF<br />Error&nbsp;15&nbsp;Type 'NonTerminal' is not defined.&nbsp;C:\\Users\\tony\\Documents\\Visual Studio 2010\\Projects\\SearchQueryWPF\\SearchQueryWPF\\Utility\\SearchGrammar.vb&nbsp;30&nbsp;33&nbsp;SearchQueryWPF<br />Error&nbsp;16&nbsp;Type 'NonTerminal' is not defined.&nbsp;C:\\Users\\tony\\Documents\\Visual Studio 2010\\Projects\\SearchQueryWPF\\SearchQueryWPF\\Utility\\SearchGrammar.vb&nbsp;31&nbsp;35&nbsp;SearchQueryWPF<br />Error&nbsp;17&nbsp;Type 'NonTerminal' is not defined.&nbsp;C:\\Users\\tony\\Documents\\Visual Studio 2010\\Projects\\SearchQueryWPF\\SearchQueryWPF\\Utility\\SearchGrammar.vb&nbsp;32&nbsp;43&nbsp;SearchQueryWPF<br />Error&nbsp;18&nbsp;Type 'NonTerminal' is not defined.&nbsp;C:\\Users\\tony\\Documents\\Visual Studio 2010\\Projects\\SearchQueryWPF\\SearchQueryWPF\\Utility\\SearchGrammar.vb&nbsp;33&nbsp;39&nbsp;SearchQueryWPF<br />Error&nbsp;19&nbsp;Type 'NonTerminal' is not defined.&nbsp;C:\\Users\\tony\\Documents\\Visual Studio 2010\\Projects\\SearchQueryWPF\\SearchQueryWPF\\Utility\\SearchGrammar.vb&nbsp;34&nbsp;33&nbsp;SearchQueryWPF<br />Error&nbsp;20&nbsp;'Root' is not a member of 'SearchQueryWPF.SearchGrammar'.&nbsp;C:\\Users\\tony\\Documents\\Visual Studio 2010\\Projects\\SearchQueryWPF\\SearchQueryWPF\\Utility\\SearchGrammar.vb&nbsp;36&nbsp;9&nbsp;SearchQueryWPF<br />Error&nbsp;21&nbsp;'Symbol' is not declared. It may be inaccessible due to its protection level.&nbsp;C:\\Users\\tony\\Documents\\Visual Studio 2010\\Projects\\SearchQueryWPF\\SearchQueryWPF\\Utility\\SearchGrammar.vb&nbsp;38&nbsp;27&nbsp;SearchQueryWPF<br />Error&nbsp;22&nbsp;'System.Empty' is not accessible in this context because it is 'Friend'.&nbsp;C:\\Users\\tony\\Documents\\Visual Studio 2010\\Projects\\SearchQueryWPF\\SearchQueryWPF\\Utility\\SearchGrammar.vb&nbsp;40&nbsp;28&nbsp;SearchQueryWPF<br />Error&nbsp;23&nbsp;'Symbol' is not declared. It may be inaccessible due to its protection level.&nbsp;C:\\Users\\tony\\Documents\\Visual Studio 2010\\Projects\\SearchQueryWPF\\SearchQueryWPF\\Utility\\SearchGrammar.vb&nbsp;41&nbsp;32&nbsp;SearchQueryWPF<br />Error&nbsp;24&nbsp;'Symbol' is not declared. It may be inaccessible due to its protection level.&nbsp;C:\\Users\\tony\\Documents\\Visual Studio 2010\\Projects\\SearchQueryWPF\\SearchQueryWPF\\Utility\\SearchGrammar.vb&nbsp;44&nbsp;34&nbsp;SearchQueryWPF<br />Error&nbsp;25&nbsp;'Symbol' is not declared. It may be inaccessible due to its protection level.&nbsp;C:\\Users\\tony\\Documents\\Visual Studio 2010\\Projects\\SearchQueryWPF\\SearchQueryWPF\\Utility\\SearchGrammar.vb&nbsp;46&nbsp;30&nbsp;SearchQueryWPF<br />Error&nbsp;26&nbsp;'MakePlusRule' is not declared. It may be inaccessible due to its protection level.&nbsp;C:\\Users\\tony\\Documents\\Visual Studio 2010\\Projects\\SearchQueryWPF\\SearchQueryWPF\\Utility\\SearchGrammar.vb&nbsp;51&nbsp;9&nbsp;SearchQueryWPF<br />Error&nbsp;27&nbsp;'RegisterPunctuation' is not declared. It may be inaccessible due to its protection level.&nbsp;C:\\Users\\tony\\Documents\\Visual Studio 2010\\Projects\\SearchQueryWPF\\SearchQueryWPF\\Utility\\SearchGrammar.vb&nbsp;54&nbsp;9&nbsp;SearchQueryWPF<br />Error&nbsp;28&nbsp;Type 'AstNode' is not defined.&nbsp;C:\\Users\\tony\\Documents\\Visual Studio 2010\\Projects\\SearchQueryWPF\\SearchQueryWPF\\Utility\\SearchGrammar.vb&nbsp;57&nbsp;49&nbsp;SearchQueryWPF<br />Error&nbsp;29&nbsp;Type 'AstNode' is not defined.&nbsp;C:\\Users\\tony\\Documents\\Visual Studio 2010\\Projects\\SearchQueryWPF\\SearchQueryWPF\\Utility\\SearchGrammar.vb&nbsp;71&nbsp;29&nbsp;SearchQueryWPF<br />Error&nbsp;30&nbsp;Type 'Token' is not defined.&nbsp;C:\\Users\\tony\\Documents\\Visual Studio 2010\\Projects\\SearchQueryWPF\\SearchQueryWPF\\Utility\\SearchGrammar.vb&nbsp;100&nbsp;51&nbsp;SearchQueryWPF<br />Error&nbsp;31&nbsp;Type 'Token' is not defined.&nbsp;C:\\Users\\tony\\Documents\\Visual Studio 2010\\Projects\\SearchQueryWPF\\SearchQueryWPF\\Utility\\SearchGrammar.vb&nbsp;104&nbsp;83&nbsp;SearchQueryWPF<br />Error&nbsp;32&nbsp;Type 'Token' is not defined.&nbsp;C:\\Users\\tony\\Documents\\Visual Studio 2010\\Projects\\SearchQueryWPF\\SearchQueryWPF\\Utility\\SearchGrammar.vb&nbsp;108&nbsp;65&nbsp;SearchQueryWPF<br />Error&nbsp;33&nbsp;Type 'Token' is not defined.&nbsp;C:\\Users\\tony\\Documents\\Visual Studio 2010\\Projects\\SearchQueryWPF\\SearchQueryWPF\\Utility\\SearchGrammar.vb&nbsp;114&nbsp;51&nbsp;SearchQueryWPF<br />Error&nbsp;34&nbsp;Type 'Token' is not defined.&nbsp;C:\\Users\\tony\\Documents\\Visual Studio 2010\\Projects\\SearchQueryWPF\\SearchQueryWPF\\Utility\\SearchGrammar.vb&nbsp;122&nbsp;51&nbsp;SearchQueryWPF<br />Warning&nbsp;35&nbsp;Namespace or type specified in the Imports 'Irony.Compiler' doesn't contain any public member or cannot be found. Make sure the namespace or the type is defined and contains at least one public member. Make sure the imported element name doesn't use any aliases.&nbsp;C:\\Users\\tony\\Documents\\Visual Studio 2010\\Projects\\SearchQueryWPF\\SearchQueryWPF\\ViewModel\\MainWindowViewModel.vb&nbsp;4&nbsp;9&nbsp;SearchQueryWPF<br />Error&nbsp;36&nbsp;Type 'LanguageCompiler' is not defined.&nbsp;C:\\Users\\tony\\Documents\\Visual Studio 2010\\Projects\\SearchQueryWPF\\SearchQueryWPF\\ViewModel\\MainWindowViewModel.vb&nbsp;13&nbsp;29&nbsp;SearchQueryWPF<br />Error&nbsp;37&nbsp;Type 'Irony.StringSet' is not defined.&nbsp;C:\\Users\\tony\\Documents\\Visual Studio 2010\\Projects\\SearchQueryWPF\\SearchQueryWPF\\ViewModel\\MainWindowViewModel.vb&nbsp;14&nbsp;27&nbsp;SearchQueryWPF<br />Error&nbsp;38&nbsp;Type 'LanguageCompiler' is not defined.&nbsp;C:\\Users\\tony\\Documents\\Visual Studio 2010\\Projects\\SearchQueryWPF\\SearchQueryWPF\\ViewModel\\MainWindowViewModel.vb&nbsp;29&nbsp;26&nbsp;SearchQueryWPF<br />Error&nbsp;39&nbsp;Type 'AstNode' is not defined.&nbsp;C:\\Users\\tony\\Documents\\Visual Studio 2010\\Projects\\SearchQueryWPF\\SearchQueryWPF\\ViewModel\\MainWindowViewModel.vb&nbsp;77&nbsp;25&nbsp;SearchQueryWPF<br />Error&nbsp;40&nbsp;Type 'SyntaxError' is not defined.&nbsp;C:\\Users\\tony\\Documents\\Visual Studio 2010\\Projects\\SearchQueryWPF\\SearchQueryWPF\\ViewModel\\MainWindowViewModel.vb&nbsp;101&nbsp;25&nbsp;SearchQueryWPF<br />Error&nbsp;41&nbsp;The type 'local:MainWindowViewModel' was not found. Verify that you are not missing an assembly reference and that all referenced assemblies have been built.&nbsp;C:\\Users\\tony\\Documents\\Visual Studio 2010\\Projects\\SearchQueryWPF\\SearchQueryWPF\\MainWindow.xaml&nbsp;9&nbsp;10&nbsp;SearchQueryWPF</p>",
    "PostedDate": "2012-07-23T11:57:40.97-07:00",
    "UserRole": null,
    "MarkedAsAnswerDate": null
  },
  {
    "Id": "889248",
    "ThreadId": "387824",
    "Html": "<p>don't know where you get it from, but Irony.Compiler namespace (mentioned in error printout) is long gone, should not be there at all.</p>\r\n<p>My guess is that you took latest Irony sources from codeplex, but for search grammar you use Michael's code from the book or article on SqlCentral. This code (search grammar) is outdated; there is up to date version in Irony sources, in Irony.Samples project, SearchGrammar - use this as is or as a basis point for your own version.</p>",
    "PostedDate": "2012-07-23T12:18:45.997-07:00",
    "UserRole": null,
    "MarkedAsAnswerDate": null
  },
  {
    "Id": "889298",
    "ThreadId": "387824",
    "Html": "<p>Thanks - You are correct on both references.&nbsp; I am new to both iFTS for SQL Server and Irony Parser/Compiler and took my starting example from Michael Cole's Pro Full-Text Search and equilivant find on SqlCentral FTS article/sample.&nbsp; Per your suggestion I will now look at Irony.Samples project, SearchGrammar.</p>\r\n<p>Thanks for your patience and assistance</p>",
    "PostedDate": "2012-07-23T14:01:53.27-07:00",
    "UserRole": null,
    "MarkedAsAnswerDate": null
  }
]