[
  {
    "Id": "680866",
    "ThreadId": "275008",
    "Html": "\r\n<p>Hi,</p>\r\n<p>I think you've forgotten to sign the Irony.Interpreter assembly when you have splitted the code.</p>\r\n<p>Thanks</p>\r\n",
    "PostedDate": "2011-10-06T09:20:42.03-07:00",
    "UserRole": null,
    "MarkedAsAnswerDate": null
  },
  {
    "Id": "680869",
    "ThreadId": "275008",
    "Html": "<p>oopss... you're right, will do</p>",
    "PostedDate": "2011-10-06T09:22:04.94-07:00",
    "UserRole": null,
    "MarkedAsAnswerDate": null
  }
]