[
  {
    "Id": "926380",
    "ThreadId": "399296",
    "Html": "\r\n<p>Hi Roman,</p>\r\n<p>Making the change below resolved a runtime exception that occurred regularly while building incremental enhancements to a grammar:</p>\r\n<div style=\"background-color:white; color:black\">\r\n<pre><span style=\"color:green\">// in AstNode.cs:</span>\r\n\r\n    <span style=\"color:blue\">protected</span> AstNode AddChild(NodeUseType useType, <span style=\"color:blue\">string</span> role, ParseTreeNode childParseNode) {\r\n      <span style=\"color:blue\">var</span> child = (AstNode)childParseNode.AstNode;\r\n\r\n<span style=\"color:green\">// old code:</span>\r\n<span style=\"color:green\">//      if (child == null)</span>\r\n<span style=\"color:green\">//        child = new NullNode(childParseNode.Term); //put a stub to throw an exception with clear message on attempt to evaluate. </span>\r\n<span style=\"color:green\">// new code:</span>\r\n      <span style=\"color:blue\">if</span> (child == <span style=\"color:blue\">null</span>) {<span style=\"color:green\">//put a stub to throw an exception with clear message on attempt to evaluate. </span>\r\n        child = <span style=\"color:blue\">new</span> NullNode(); \r\n        child.Init(<span style=\"color:blue\">null</span>,childParseNode);  \r\n      }\r\n// [edit] End of change<br>      child.Role = role;\r\n      child.Parent = <span style=\"color:blue\">this</span>;\r\n      ChildNodes.Add(child);\r\n      <span style=\"color:blue\">return</span> child;\r\n    }\r\n</pre>\r\n</div>\r\n<p>The error was occurring a couple of different ways, but most often when Span was null attempting to locate the source Terminal. I believe this change also makes the constructor&nbsp;<em><strong>NullNode(BnfTerm term)</strong></em> redundant.</p>\r\n",
    "PostedDate": "2012-10-14T09:16:06.84-07:00",
    "UserRole": null,
    "MarkedAsAnswerDate": null
  },
  {
    "Id": "927559",
    "ThreadId": "399296",
    "Html": "<p>thanks, will look into this</p>\r\n<p>Roman</p>",
    "PostedDate": "2012-10-16T10:17:29.277-07:00",
    "UserRole": null,
    "MarkedAsAnswerDate": null
  },
  {
    "Id": "1025924",
    "ThreadId": "399296",
    "Html": "I was trying this out because I am having the same issue in the grammar explorer, but I get:\r<br />\n<br />\nError\t3\t'Irony.Interpreter.Ast.NullNode' does not contain a constructor that takes 0 arguments\t\r<br />\n<br />\nWhen calling \r<br />\n<br />\nchild = new NullNode(); \r<br />\n<br />\nany help? I'm new to Irony, so this can be obvious.<br />\n",
    "PostedDate": "2013-04-05T01:48:55.467-07:00",
    "UserRole": null,
    "MarkedAsAnswerDate": null
  },
  {
    "Id": "1026220",
    "ThreadId": "399296",
    "Html": "NullNode is supposed to be singleton, global single instance<br />\n",
    "PostedDate": "2013-04-05T09:46:00.423-07:00",
    "UserRole": null,
    "MarkedAsAnswerDate": null
  }
]